scenario	tau	writes	write_rate	writes_per_1k_tokens	writes_per_1k_records	pr_auc
A	0.5	281	0.548828125	548.828125	548.828125	1.0
A	1.0	256	0.5	500.0	500.0	1.0
A	1.5	256	0.5	500.0	500.0	1.0
A	2.0	256	0.5	500.0	500.0	1.0
A	2.5	38	0.07421875	73.21772639691714	74.21875	1.0
A	3.0	16	0.03125	28.169014084507044	31.25	1.0
A	3.5	16	0.03125	28.169014084507044	31.25	1.0
