scenario	tau	writes	write_rate	writes_per_1k_tokens	writes_per_1k_records	pr_auc
A	0.8	573	0.5595703125	3.6661206940676667	559.5703125	1.0
A	1.0	512	0.5	3.275144087149537	500.0	1.0
A	1.2	508	0.49609375	3.249557023968681	496.09375	1.0
A	1.4	442	0.431640625	2.8264122469337902	431.640625	1.0
A	1.6	317	0.3095703125	2.0259863102123767	309.5703125	1.0
