scenario	tau	writes	write_rate	writes_per_1k_tokens	writes_per_1k_records	pr_auc
A	0.5	608	0.59375	3.882007406461499	593.75	0.9949632788649301
A	1.0	208	0.203125	1.3286659682653243	203.125	0.9949632788649301
A	1.5	68	0.06640625	0.4344353937070755	66.40625	0.9949632788649301
A	2.0	35	0.0341796875	0.22381808066403625	34.1796875	0.9949632788649301
A	2.5	31	0.0302734375	0.1982921290817795	30.2734375	0.9949632788649301
A	3.0	31	0.0302734375	0.1982921290817795	30.2734375	0.9949632788649301
A	3.5	31	0.0302734375	0.1982921290817795	30.2734375	0.9949632788649301
