scenario	tau	writes	write_rate	writes_per_1k_tokens	writes_per_1k_records	pr_auc
A	0.8	440	0.4296875	2.810172825628776	429.6875	0.9949589000919908
A	1.0	208	0.203125	1.3286659682653243	203.125	0.9949589000919908
A	1.2	145	0.1416015625	0.9250398724082934	141.6015625	0.9949589000919908
A	1.4	96	0.09375	0.6127529201506351	93.75	0.9949589000919908
A	1.6	46	0.044921875	0.29362201909819746	44.921875	0.9949589000919908
